<?xml version="1.0" encoding="utf-8"?>
<BlockDiagramDefaults>
  <SystemDefaults>
    <P Name="PaperOrientation">landscape</P>
    <P Name="PaperPositionMode">auto</P>
    <P Name="PaperType">usletter</P>
    <P Name="PaperUnits">inches</P>
    <P Name="TiledPaperMargins">[0.500000, 0.500000, 0.500000, 0.500000]</P>
    <P Name="TiledPageScale">1</P>
    <P Name="ShowPageBoundaries">off</P>
    <P Name="ModelBrowserVisibility">off</P>
    <P Name="ModelBrowserWidth">200</P>
    <P Name="ScreenColor">white</P>
    <P Name="ZoomFactor">100</P>
    <P Name="PortBlocksUseCompactNotation">off</P>
    <P Name="Open">off</P>
  </SystemDefaults>
  <BlockDefaults>
    <P Name="ForegroundColor">black</P>
    <P Name="BackgroundColor">white</P>
    <P Name="DropShadow">off</P>
    <P Name="NamePlacement">normal</P>
    <P Name="FontName">Helvetica</P>
    <P Name="FontSize">10</P>
    <P Name="FontWeight">normal</P>
    <P Name="FontAngle">normal</P>
    <P Name="ShowName">on</P>
    <P Name="HideAutomaticName">on</P>
    <P Name="BlockRotation">0</P>
    <P Name="BlockMirror">off</P>
  </BlockDefaults>
  <AnnotationDefaults>
    <P Name="HorizontalAlignment">left</P>
    <P Name="VerticalAlignment">top</P>
    <P Name="ForegroundColor">black</P>
    <P Name="BackgroundColor">white</P>
    <P Name="DropShadow">off</P>
    <P Name="FontName">Helvetica</P>
    <P Name="FontSize">10</P>
    <P Name="FontWeight">normal</P>
    <P Name="FontAngle">normal</P>
    <P Name="MarkupType">model</P>
    <P Name="UseDisplayTextAsClickCallback">off</P>
    <P Name="AnnotationType">note_annotation</P>
    <P Name="FixedHeight">off</P>
    <P Name="FixedWidth">off</P>
    <P Name="Interpreter">off</P>
  </AnnotationDefaults>
  <LineDefaults>
    <P Name="FontName">Helvetica</P>
    <P Name="FontSize">9</P>
    <P Name="FontWeight">normal</P>
    <P Name="FontAngle">normal</P>
  </LineDefaults>
  <MaskDefaults SelfModifiable="off">
    <Display IconFrame="on" IconOpaque="opaque" RunInitForIconRedraw="analyze" IconRotate="none" PortRotate="default" IconUnits="autoscale"/>
    <MaskParameter Evaluate="on" Tunable="on" NeverSave="off" Internal="off" ReadOnly="off" Enabled="on" Visible="on" ToolTip="on"/>
    <DialogControl>
      <ControlOptions Visible="on" Enabled="on" Row="new" HorizontalStretch="on" PromptLocation="top" Orientation="horizontal" Expand="off" ShowFilter="on" ShowParameterName="on" WordWrap="on" AlignPrompts="off"/>
    </DialogControl>
  </MaskDefaults>
  <BlockParameterDefaults>
    <Block BlockType="Abs">
      <P Name="ZeroCross">on</P>
      <P Name="SampleTime">-1</P>
      <P Name="OutMin">[]</P>
      <P Name="OutMax">[]</P>
      <P Name="OutDataTypeStr">Inherit: Same as input</P>
      <P Name="LockScale">off</P>
      <P Name="RndMeth">Floor</P>
      <P Name="SaturateOnIntegerOverflow">on</P>
    </Block>
    <Block BlockType="ActionPort">
      <P Name="InitializeStates">held</P>
      <P Name="PropagateVarSize">Only when execution is resumed</P>
      <P Name="DisallowConstTsAndPrmTs">off</P>
      <P Name="ActionType">unset</P>
    </Block>
    <Block BlockType="BusCreator">
      <P Name="DisplayOption">none</P>
      <P Name="OutDataTypeStr">Inherit: auto</P>
      <P Name="NonVirtualBus">off</P>
    </Block>
    <Block BlockType="Clock">
      <P Name="DisplayTime">off</P>
      <P Name="Decimation">10</P>
    </Block>
    <Block BlockType="Concatenate">
      <P Name="NumInputs">2</P>
      <P Name="Mode">Vector</P>
      <P Name="ConcatenateDimension">1</P>
    </Block>
    <Block BlockType="Constant">
      <P Name="Value">1</P>
      <P Name="VectorParams1D">on</P>
      <P Name="SamplingMode">Sample based</P>
      <P Name="OutMin">[]</P>
      <P Name="OutMax">[]</P>
      <P Name="OutDataTypeStr">Inherit: Inherit from &apos;Constant value&apos;</P>
      <P Name="LockScale">off</P>
      <P Name="SampleTime">inf</P>
      <P Name="FramePeriod">inf</P>
      <P Name="PreserveConstantTs">off</P>
    </Block>
    <Block BlockType="DataTypeConversion">
      <P Name="OutMin">[]</P>
      <P Name="OutMax">[]</P>
      <P Name="OutDataTypeStr">Inherit: Inherit via back propagation</P>
      <P Name="LockScale">off</P>
      <P Name="ConvertRealWorld">Real World Value (RWV)</P>
      <P Name="RndMeth">Zero</P>
      <P Name="SaturateOnIntegerOverflow">on</P>
      <P Name="SampleTime">-1</P>
    </Block>
    <Block BlockType="Demux">
      <P Name="Outputs">4</P>
      <P Name="DisplayOption">none</P>
      <P Name="BusSelectionMode">off</P>
    </Block>
    <Block BlockType="DotProduct">
      <P Name="InputSameDT">on</P>
      <P Name="OutMin">[]</P>
      <P Name="OutMax">[]</P>
      <P Name="OutDataTypeStr">Inherit: Same as first input</P>
      <P Name="LockScale">off</P>
      <P Name="RndMeth">Floor</P>
      <P Name="SaturateOnIntegerOverflow">off</P>
      <P Name="SampleTime">-1</P>
    </Block>
    <Block BlockType="EventListener">
      <P Name="EventType">Initialize</P>
      <P Name="Variant">off</P>
      <P Name="VariantControl">Variant</P>
      <P Name="GeneratePreprocessorConditionals">off</P>
    </Block>
    <Block BlockType="Fcn">
      <P Name="Expr">sin(u[1])</P>
      <P Name="SampleTime">-1</P>
    </Block>
    <Block BlockType="Gain">
      <P Name="Gain">1</P>
      <P Name="Multiplication">Element-wise(K.*u)</P>
      <P Name="ParamMin">[]</P>
      <P Name="ParamMax">[]</P>
      <P Name="ParamDataTypeStr">Inherit: Same as input</P>
      <P Name="OutMin">[]</P>
      <P Name="OutMax">[]</P>
      <P Name="OutDataTypeStr">Inherit: Same as input</P>
      <P Name="LockScale">off</P>
      <P Name="RndMeth">Floor</P>
      <P Name="SaturateOnIntegerOverflow">on</P>
      <P Name="SampleTime">-1</P>
    </Block>
    <Block BlockType="If">
      <P Name="NumInputs">1</P>
      <P Name="IfExpression">u1 &gt; 0</P>
      <P Name="ShowElse">on</P>
      <P Name="ZeroCross">on</P>
      <P Name="SampleTime">-1</P>
    </Block>
    <Block BlockType="Inport">
      <P Name="Port">1</P>
      <P Name="OutputFunctionCall">off</P>
      <P Name="OutMin">[]</P>
      <P Name="OutMax">[]</P>
      <P Name="OutDataTypeStr">Inherit: auto</P>
      <P Name="LockScale">off</P>
      <P Name="BusOutputAsStruct">off</P>
      <P Name="Unit">inherit</P>
      <P Name="PortDimensions">-1</P>
      <P Name="VarSizeSig">Inherit</P>
      <P Name="SampleTime">-1</P>
      <P Name="SignalType">auto</P>
      <P Name="SamplingMode">auto</P>
      <P Name="LatchByDelayingOutsideSignal">off</P>
      <P Name="LatchInputForFeedbackSignals">off</P>
      <P Name="Interpolate">on</P>
    </Block>
    <Block BlockType="Logic">
      <P Name="Operator">AND</P>
      <P Name="Inputs">2</P>
      <P Name="IconShape">rectangular</P>
      <P Name="AllPortsSameDT">on</P>
      <P Name="OutDataTypeStr">Inherit: Logical (see Configuration Parameters: Optimization)</P>
      <P Name="SampleTime">-1</P>
    </Block>
    <Block BlockType="Math">
      <P Name="Operator">exp</P>
      <P Name="OutputSignalType">auto</P>
      <P Name="SampleTime">-1</P>
      <P Name="OutMin">[]</P>
      <P Name="OutMax">[]</P>
      <P Name="OutDataTypeStr">Inherit: Same as first input</P>
      <P Name="LockScale">off</P>
      <P Name="RndMeth">Floor</P>
      <P Name="SaturateOnIntegerOverflow">on</P>
      <P Name="IntermediateResultsDataTypeStr">Inherit: Inherit via internal rule</P>
      <P Name="AlgorithmType">Newton-Raphson</P>
      <P Name="Iterations">3</P>
    </Block>
    <Block BlockType="Merge">
      <P Name="Inputs">2</P>
      <P Name="InitialOutput">[]</P>
      <P Name="AllowUnequalInputPortWidths">off</P>
      <P Name="InputPortOffsets">[]</P>
    </Block>
    <Block BlockType="MinMax">
      <P Name="Function">min</P>
      <P Name="Inputs">1</P>
      <P Name="InputSameDT">on</P>
      <P Name="OutMin">[]</P>
      <P Name="OutMax">[]</P>
      <P Name="OutDataTypeStr">Inherit: Inherit via internal rule</P>
      <P Name="LockScale">off</P>
      <P Name="RndMeth">Floor</P>
      <P Name="SaturateOnIntegerOverflow">on</P>
      <P Name="ZeroCross">on</P>
      <P Name="SampleTime">-1</P>
    </Block>
    <Block BlockType="Mux">
      <P Name="Inputs">4</P>
      <P Name="DisplayOption">none</P>
      <P Name="UseBusObject">off</P>
      <P Name="BusObject">BusObject</P>
      <P Name="NonVirtualBus">off</P>
    </Block>
    <Block BlockType="Outport">
      <P Name="Port">1</P>
      <P Name="OutMin">[]</P>
      <P Name="OutMax">[]</P>
      <P Name="OutDataTypeStr">Inherit: auto</P>
      <P Name="LockScale">off</P>
      <P Name="BusOutputAsStruct">off</P>
      <P Name="Unit">inherit</P>
      <P Name="PortDimensions">-1</P>
      <P Name="VarSizeSig">Inherit</P>
      <P Name="SampleTime">-1</P>
      <P Name="SignalType">auto</P>
      <P Name="SamplingMode">auto</P>
      <P Name="EnsureOutportIsVirtual">off</P>
      <P Name="SourceOfInitialOutputValue">Dialog</P>
      <P Name="OutputWhenDisabled">held</P>
      <P Name="InitialOutput">[]</P>
      <P Name="MustResolveToSignalObject">off</P>
      <P Name="OutputWhenUnConnected">off</P>
      <P Name="OutputWhenUnconnectedValue">0</P>
      <P Name="VectorParamsAs1DForOutWhenUnconnected">off</P>
    </Block>
    <Block BlockType="Probe">
      <P Name="ProbeWidth">on</P>
      <P Name="ProbeSampleTime">on</P>
      <P Name="ProbeComplexSignal">on</P>
      <P Name="ProbeSignalDimensions">off</P>
      <P Name="ProbeFramedSignal">off</P>
      <P Name="ProbeWidthDataType">double</P>
      <P Name="ProbeSampleTimeDataType">double</P>
      <P Name="ProbeComplexityDataType">double</P>
      <P Name="ProbeDimensionsDataType">double</P>
      <P Name="ProbeFrameDataType">double</P>
    </Block>
    <Block BlockType="Product">
      <P Name="Inputs">2</P>
      <P Name="Multiplication">Element-wise(.*)</P>
      <P Name="CollapseMode">All dimensions</P>
      <P Name="CollapseDim">1</P>
      <P Name="InputSameDT">on</P>
      <P Name="OutMin">[]</P>
      <P Name="OutMax">[]</P>
      <P Name="OutDataTypeStr">Inherit: Same as first input</P>
      <P Name="LockScale">off</P>
      <P Name="RndMeth">Zero</P>
      <P Name="SaturateOnIntegerOverflow">on</P>
      <P Name="SampleTime">-1</P>
    </Block>
    <Block BlockType="RandomNumber">
      <P Name="Mean">0</P>
      <P Name="Variance">1</P>
      <P Name="Seed">0</P>
      <P Name="SampleTime">-1</P>
      <P Name="VectorParams1D">on</P>
    </Block>
    <Block BlockType="RelationalOperator">
      <P Name="Operator">&gt;=</P>
      <P Name="InputSameDT">on</P>
      <P Name="OutDataTypeStr">Inherit: Logical (see Configuration Parameters: Optimization)</P>
      <P Name="ZeroCross">on</P>
      <P Name="SampleTime">-1</P>
      <P Name="RndMeth">Nearest</P>
    </Block>
    <Block BlockType="Reshape">
      <P Name="OutputDimensionality">1-D array</P>
      <P Name="OutputDimensions">[1,1]</P>
    </Block>
    <Block BlockType="S-Function">
      <P Name="FunctionName">system</P>
      <P Name="SFunctionModules">&apos;&apos;</P>
      <P Name="PortCounts">[]</P>
      <P Name="MultiThreadCoSim">auto</P>
    </Block>
    <Block BlockType="Saturate">
      <P Name="UpperLimitSource">Dialog</P>
      <P Name="UpperLimit">0.5</P>
      <P Name="LowerLimitSource">Dialog</P>
      <P Name="LowerLimit">-0.5</P>
      <P Name="LinearizeAsGain">on</P>
      <P Name="ZeroCross">on</P>
      <P Name="SampleTime">-1</P>
      <P Name="OutMin">[]</P>
      <P Name="OutMax">[]</P>
      <P Name="OutDataTypeStr">Inherit: Same as input</P>
      <P Name="LockScale">off</P>
      <P Name="RndMeth">Floor</P>
    </Block>
    <Block BlockType="Scope">
      <P Name="DefaultConfigurationName">Simulink.scopes.TimeScopeBlockCfg</P>
    </Block>
    <Block BlockType="Selector">
      <P Name="NumberOfDimensions">1</P>
      <P Name="IndexMode">One-based</P>
      <P Name="InputPortWidth">-1</P>
      <P Name="SampleTime">-1</P>
    </Block>
    <Block BlockType="Signum">
      <P Name="ZeroCross">on</P>
      <P Name="SampleTime">-1</P>
    </Block>
    <Block BlockType="Sqrt">
      <P Name="Operator">sqrt</P>
      <P Name="OutputSignalType">auto</P>
      <P Name="SampleTime">-1</P>
      <P Name="OutMin">[]</P>
      <P Name="OutMax">[]</P>
      <P Name="OutDataTypeStr">Inherit: Same as first input</P>
      <P Name="LockScale">off</P>
      <P Name="RndMeth">Floor</P>
      <P Name="SaturateOnIntegerOverflow">on</P>
      <P Name="IntermediateResultsDataTypeStr">Inherit: Inherit via internal rule</P>
      <P Name="AlgorithmType">Exact</P>
      <P Name="Iterations">3</P>
    </Block>
    <Block BlockType="Stop"/>
    <Block BlockType="SubSystem">
      <P Name="ShowPortLabels">FromPortIcon</P>
      <P Name="Permissions">ReadWrite</P>
      <P Name="PermitHierarchicalResolution">All</P>
      <P Name="TreatAsAtomicUnit">off</P>
      <P Name="MinAlgLoopOccurrences">off</P>
      <P Name="PropExecContextOutsideSubsystem">off</P>
      <P Name="SystemSampleTime">-1</P>
      <P Name="RTWSystemCode">Auto</P>
      <P Name="RTWFcnNameOpts">Auto</P>
      <P Name="RTWFileNameOpts">Auto</P>
      <P Name="FunctionInterfaceSpec">void_void</P>
      <P Name="FunctionWithSeparateData">off</P>
      <P Name="RTWMemSecFuncInitTerm">Inherit from model</P>
      <P Name="RTWMemSecFuncExecute">Inherit from model</P>
      <P Name="RTWMemSecDataConstants">Inherit from model</P>
      <P Name="RTWMemSecDataInternal">Inherit from model</P>
      <P Name="RTWMemSecDataParameters">Inherit from model</P>
      <P Name="SimViewingDevice">off</P>
      <P Name="DataTypeOverride">UseLocalSettings</P>
      <P Name="DataTypeOverrideAppliesTo">AllNumericTypes</P>
      <P Name="MinMaxOverflowLogging">UseLocalSettings</P>
      <P Name="Opaque">off</P>
      <P Name="MaskHideContents">off</P>
      <P Name="SFBlockType">NONE</P>
      <P Name="Variant">off</P>
      <P Name="GeneratePreprocessorConditionals">off</P>
      <P Name="AllowZeroVariantControls">off</P>
      <P Name="PropagateVariantConditions">off</P>
      <P Name="TreatAsGroupedWhenPropagatingVariantConditions">on</P>
      <P Name="ContentPreviewEnabled">off</P>
      <P Name="IsWebBlock">off</P>
      <P Name="IsObserver">off</P>
    </Block>
    <Block BlockType="Sum">
      <P Name="IconShape">rectangular</P>
      <P Name="Inputs">++</P>
      <P Name="CollapseMode">All dimensions</P>
      <P Name="CollapseDim">1</P>
      <P Name="InputSameDT">on</P>
      <P Name="AccumDataTypeStr">Inherit: Inherit via internal rule</P>
      <P Name="OutMin">[]</P>
      <P Name="OutMax">[]</P>
      <P Name="OutDataTypeStr">Inherit: Same as first input</P>
      <P Name="LockScale">off</P>
      <P Name="RndMeth">Floor</P>
      <P Name="SaturateOnIntegerOverflow">on</P>
      <P Name="SampleTime">-1</P>
    </Block>
    <Block BlockType="Terminator"/>
    <Block BlockType="ToWorkspace">
      <P Name="VariableName">simulink_output</P>
      <P Name="MaxDataPoints">1000</P>
      <P Name="Decimation">1</P>
      <P Name="SaveFormat">Array</P>
      <P Name="Save2DSignal">Inherit from input (this choice will be removed - see release notes)</P>
      <P Name="FixptAsFi">off</P>
      <P Name="NumInputs">1</P>
      <P Name="SampleTime">0</P>
    </Block>
    <Block BlockType="Trigonometry">
      <P Name="Operator">sin</P>
      <P Name="ApproximationMethod">None</P>
      <P Name="NumberOfIterations">11</P>
      <P Name="OutputSignalType">auto</P>
      <P Name="SampleTime">-1</P>
    </Block>
    <Block BlockType="UnitDelay">
      <P Name="InitialCondition">0</P>
      <P Name="InputProcessing">Inherited</P>
      <P Name="SampleTime">1</P>
      <P Name="StateMustResolveToSignalObject">off</P>
      <P Name="CodeGenStateStorageClass">Auto</P>
      <P Name="HasFrameUpgradeWarning">on</P>
    </Block>
    <Block BlockType="VideoViewer">
      <P Name="DefaultConfigurationName">vipscopes.VideoViewerScopeCfg</P>
      <P Name="inputType">Obsolete7b</P>
      <P Name="imagePorts">One multidimensional signal</P>
      <P Name="useColorMap">off</P>
      <P Name="colormapValue">jet(256)</P>
      <P Name="specRange">off</P>
      <P Name="minInputVal">0</P>
      <P Name="maxInputVal">255</P>
      <P Name="FigPos">[755 749 410 300]</P>
      <P Name="AxisZoom">on</P>
      <P Name="trueSizedOnce">off</P>
      <P Name="OpenAtMdlStart">on</P>
    </Block>
  </BlockParameterDefaults>
</BlockDiagramDefaults>
