<?xml version="1.0" encoding="utf-8"?>
<GraphicalInterface>
  <P Name="NumRootInports">0</P>
  <P Name="NumRootOutports">0</P>
  <P Name="ParameterArgumentNames"/>
  <P Name="NumModelReferences">0</P>
  <P Name="NumTestPointedSignals">0</P>
  <P Name="NumProvidedFunctions">0</P>
  <P Name="NumRequiredFunctions">0</P>
  <P Name="NumResetEvents">0</P>
  <P Name="HasInitializeEvent">0</P>
  <P Name="HasTerminateEvent">0</P>
  <P Name="IsExportFunctionModel">0</P>
  <P Name="NumParameterArguments">0</P>
  <P Name="NumExternalFileReferences">22</P>
  <ExternalFileReference>
    <P Name="Reference">shared6dof/6DOF (Euler Angles)</P>
    <P Name="Path">$bdroot/Bebop model/6DOF (Euler Angles)</P>
    <P Name="SID">4098</P>
    <P Name="Type">LIBRARY_BLOCK</P>
  </ExternalFileReference>
  <ExternalFileReference>
    <P Name="Reference">aerolibactuator/Linear Second-Order Actuator</P>
    <P Name="Path">$bdroot/Bebop model/Linear Second-Order Actuator</P>
    <P Name="SID">4107</P>
    <P Name="Type">LIBRARY_BLOCK</P>
  </ExternalFileReference>
  <ExternalFileReference>
    <P Name="Reference">aerolibactuator/Linear Second-Order Actuator</P>
    <P Name="Path">$bdroot/Bebop model/Linear Second-Order Actuator1</P>
    <P Name="SID">4108</P>
    <P Name="Type">LIBRARY_BLOCK</P>
  </ExternalFileReference>
  <ExternalFileReference>
    <P Name="Reference">aerolibactuator/Linear Second-Order Actuator</P>
    <P Name="Path">$bdroot/Bebop model/Linear Second-Order Actuator2</P>
    <P Name="SID">4204</P>
    <P Name="Type">LIBRARY_BLOCK</P>
  </ExternalFileReference>
  <ExternalFileReference>
    <P Name="Reference">aerolibactuator/Linear Second-Order Actuator</P>
    <P Name="Path">$bdroot/Bebop model/Linear Second-Order Actuator3</P>
    <P Name="SID">4205</P>
    <P Name="Type">LIBRARY_BLOCK</P>
  </ExternalFileReference>
  <ExternalFileReference>
    <P Name="Reference">simulink/Continuous/PID Controller</P>
    <P Name="Path">$bdroot/Bebop model/Rotation Controller/PID Controller</P>
    <P Name="SID">4116</P>
    <P Name="Type">LIBRARY_BLOCK</P>
  </ExternalFileReference>
  <ExternalFileReference>
    <P Name="Reference">simulink/Continuous/PID Controller</P>
    <P Name="Path">$bdroot/Bebop model/Z Vel Controller/PID Controller</P>
    <P Name="SID">4140</P>
    <P Name="Type">LIBRARY_BLOCK</P>
  </ExternalFileReference>
  <ExternalFileReference>
    <P Name="Reference">aerolibutil/Invert 
3x3 Matrix</P>
    <P Name="Path">$bdroot/Control/Create Path Frame/Invert  3x3 Matrix</P>
    <P Name="SID">391</P>
    <P Name="Type">LIBRARY_BLOCK</P>
  </ExternalFileReference>
  <ExternalFileReference>
    <P Name="Reference">sharedtransform/Rotation Angles to
Direction Cosine Matrix</P>
    <P Name="Path">$bdroot/Control/Orientation to 3D yaw rotation/Rotation Angles to Direction Cosine Matrix</P>
    <P Name="SID">426</P>
    <P Name="Type">LIBRARY_BLOCK</P>
  </ExternalFileReference>
  <ExternalFileReference>
    <P Name="Reference">simulink/Continuous/PID Controller</P>
    <P Name="Path">$bdroot/Control/Subsystem/PID Controller</P>
    <P Name="SID">4198</P>
    <P Name="Type">LIBRARY_BLOCK</P>
  </ExternalFileReference>
  <ExternalFileReference>
    <P Name="Reference">sharedtransform/Rotation Angles to Quaternions</P>
    <P Name="Path">$bdroot/Gate info/Yaw2Axang1/Rotation Angles to Quaternions</P>
    <P Name="SID">3898</P>
    <P Name="Type">LIBRARY_BLOCK</P>
  </ExternalFileReference>
  <ExternalFileReference>
    <P Name="Reference">sharedtransform/Rotation Angles to Quaternions</P>
    <P Name="Path">$bdroot/Gate info/Yaw2Axang2/Rotation Angles to Quaternions</P>
    <P Name="SID">3915</P>
    <P Name="Type">LIBRARY_BLOCK</P>
  </ExternalFileReference>
  <ExternalFileReference>
    <P Name="Reference">sharedtransform/Rotation Angles to Quaternions</P>
    <P Name="Path">$bdroot/Gate info/Yaw2Axang3/Rotation Angles to Quaternions</P>
    <P Name="SID">4232</P>
    <P Name="Type">LIBRARY_BLOCK</P>
  </ExternalFileReference>
  <ExternalFileReference>
    <P Name="Reference">sharedtransform/Rotation Angles to Quaternions</P>
    <P Name="Path">$bdroot/Gate info/Yaw2Axang4/Rotation Angles to Quaternions</P>
    <P Name="SID">4251</P>
    <P Name="Type">LIBRARY_BLOCK</P>
  </ExternalFileReference>
  <ExternalFileReference>
    <P Name="Reference">sharedtransform/Rotation Angles to Quaternions</P>
    <P Name="Path">$bdroot/Gate info/Yaw2Axang5/Rotation Angles to Quaternions</P>
    <P Name="SID">3941</P>
    <P Name="Type">LIBRARY_BLOCK</P>
  </ExternalFileReference>
  <ExternalFileReference>
    <P Name="Reference">sharedtransform/Rotation Angles to Quaternions</P>
    <P Name="Path">$bdroot/Gate info/Yaw2Axang6/Rotation Angles to Quaternions</P>
    <P Name="SID">3958</P>
    <P Name="Type">LIBRARY_BLOCK</P>
  </ExternalFileReference>
  <ExternalFileReference>
    <P Name="Reference">sharedtransform/Rotation Angles to Quaternions</P>
    <P Name="Path">$bdroot/Gate info/Yaw2Axang7/Rotation Angles to Quaternions</P>
    <P Name="SID">4270</P>
    <P Name="Type">LIBRARY_BLOCK</P>
  </ExternalFileReference>
  <ExternalFileReference>
    <P Name="Reference">aerolibutil/Invert 
3x3 Matrix</P>
    <P Name="Path">$bdroot/Navigation/calc v/Create Path Frame/Invert  3x3 Matrix</P>
    <P Name="SID">3302</P>
    <P Name="Type">LIBRARY_BLOCK</P>
  </ExternalFileReference>
  <ExternalFileReference>
    <P Name="Reference">vrlib/VR To Video</P>
    <P Name="Path">$bdroot/Virtual Reality</P>
    <P Name="SID">3979</P>
    <P Name="Type">LIBRARY_BLOCK</P>
  </ExternalFileReference>
  <ExternalFileReference>
    <P Name="Reference">sharedtransform/Direction Cosine Matrix 
to Quaternions</P>
    <P Name="Path">$bdroot/conv/global2strange drone/Direction Cosine Matrix  to Quaternions</P>
    <P Name="SID">4080</P>
    <P Name="Type">LIBRARY_BLOCK</P>
  </ExternalFileReference>
  <ExternalFileReference>
    <P Name="Reference">sharedtransform/Rotation Angles to
Direction Cosine Matrix</P>
    <P Name="Path">$bdroot/conv/global2strange drone/Rotation Angles to Direction Cosine Matrix</P>
    <P Name="SID">4087</P>
    <P Name="Type">LIBRARY_BLOCK</P>
  </ExternalFileReference>
  <ExternalFileReference>
    <P Name="Reference">sharedtransform/Rotation Angles to
Direction Cosine Matrix</P>
    <P Name="Path">$bdroot/conv/global2strange drone/Rotation Angles to Direction Cosine Matrix1</P>
    <P Name="SID">4088</P>
    <P Name="Type">LIBRARY_BLOCK</P>
  </ExternalFileReference>
  <P Name="OrderedModelArguments">1</P>
</GraphicalInterface>
